asset_id,local_file,source_type,source_url,creator,license_name,license_version,download_date,modifications,attribution_required,public_credit_text,approved_by,sha256
slap/contact-01.mp3,web/public/audio/slap/contact-01.mp3,Freesound CC0 preview,https://freesound.org/people/oscaraudiogeek/sounds/333516/,oscaraudiogeek,CC0 1.0,1.0,2026-10-01,trim around 0.6s; mono; EQ; fade; MP3 encode,no,oscaraudiogeek — https://freesound.org/people/oscaraudiogeek/sounds/333516/,pending listening review,8bea5d808b5d6a6973b7b6f2bf6a12cbfb1553e9e72a3f9be9dc31d6f99409d9
slap/contact-02.mp3,web/public/audio/slap/contact-02.mp3,Freesound CC0 preview,https://freesound.org/people/oscaraudiogeek/sounds/333516/,oscaraudiogeek,CC0 1.0,1.0,2026-10-01,trim around 2.07s; mono; EQ; fade; MP3 encode,no,oscaraudiogeek — https://freesound.org/people/oscaraudiogeek/sounds/333516/,pending listening review,7a37164a2e72ce7549890e3054124eaec28f07f0511a2c8c017616e4bc947147
slap/contact-03.mp3,web/public/audio/slap/contact-03.mp3,Freesound CC0 preview,https://freesound.org/people/oscaraudiogeek/sounds/333516/,oscaraudiogeek,CC0 1.0,1.0,2026-10-01,trim around 3.66s; mono; EQ; fade; MP3 encode,no,oscaraudiogeek — https://freesound.org/people/oscaraudiogeek/sounds/333516/,pending listening review,9fbadae4ae711479a75234f8f5628272448bd84bd22772274fadd7f0477d6bf0
slap/contact-04.mp3,web/public/audio/slap/contact-04.mp3,Freesound CC0 preview,https://freesound.org/people/oscaraudiogeek/sounds/333516/,oscaraudiogeek,CC0 1.0,1.0,2026-10-01,trim around 9.45s; mono; EQ; fade; MP3 encode,no,oscaraudiogeek — https://freesound.org/people/oscaraudiogeek/sounds/333516/,pending listening review,86db3b56323b0108c2be1e3590ec4ac3e84bc051005a1c0e34064a29a84d7eca
punch/contact-01.mp3,web/public/audio/punch/contact-01.mp3,Freesound CC0 preview,https://freesound.org/people/aidansamuel/sounds/540131/,aidansamuel,CC0 1.0,1.0,2026-10-01,trim around 0.59s; mono; EQ; fade; MP3 encode,no,aidansamuel — https://freesound.org/people/aidansamuel/sounds/540131/,pending listening review,8ef646ffb695066f29eb757a8c98cbb3f6300f17d9879dead0d0d0d0ab39849e
punch/contact-02.mp3,web/public/audio/punch/contact-02.mp3,Freesound CC0 preview,https://freesound.org/people/aidansamuel/sounds/540131/,aidansamuel,CC0 1.0,1.0,2026-10-01,trim around 1.71s; mono; EQ; fade; MP3 encode,no,aidansamuel — https://freesound.org/people/aidansamuel/sounds/540131/,pending listening review,38cd052f50673d6a442feeac1cc310f9f16b37cf40fb0c69527217c377128797
punch/contact-03.mp3,web/public/audio/punch/contact-03.mp3,Freesound CC0 preview,https://freesound.org/people/aidansamuel/sounds/540131/,aidansamuel,CC0 1.0,1.0,2026-10-01,trim around 2.15s; mono; EQ; fade; MP3 encode,no,aidansamuel — https://freesound.org/people/aidansamuel/sounds/540131/,pending listening review,1b96bdd852d665ab8aa3ae0f75b6964ccfb3d42446bea944a334db5be96a4c96
punch/contact-04.mp3,web/public/audio/punch/contact-04.mp3,Freesound CC0 preview,https://freesound.org/people/aidansamuel/sounds/540131/,aidansamuel,CC0 1.0,1.0,2026-10-01,trim around 2.54s; mono; EQ; fade; MP3 encode,no,aidansamuel — https://freesound.org/people/aidansamuel/sounds/540131/,pending listening review,2cacbe5219cb9ef05d678af6e81ccff5a319b6541032c42d050596accd389016
chappal/contact-01.mp3,web/public/audio/chappal/contact-01.mp3,Freesound CC0 preview,https://freesound.org/people/Jepplet/sounds/476622/,Jepplet,CC0 1.0,1.0,2026-10-01,trim around 43.41s; mono; EQ; fade; MP3 encode,no,Jepplet — https://freesound.org/people/Jepplet/sounds/476622/,pending listening review,eb0209ad01f4f08989a4e9d77e5d760a84475fac2310158cc9aaeb4c05460a29
chappal/contact-02.mp3,web/public/audio/chappal/contact-02.mp3,Freesound CC0 preview,https://freesound.org/people/Jepplet/sounds/476622/,Jepplet,CC0 1.0,1.0,2026-10-01,trim around 62.96s; mono; EQ; fade; MP3 encode,no,Jepplet — https://freesound.org/people/Jepplet/sounds/476622/,pending listening review,592eac3c22f81757fd08f55190aa3df05967a666e9683822d95ccee8785e4f74
chappal/contact-03.mp3,web/public/audio/chappal/contact-03.mp3,Freesound CC0 preview,https://freesound.org/people/Jepplet/sounds/476622/,Jepplet,CC0 1.0,1.0,2026-10-01,trim around 69.37s; mono; EQ; fade; MP3 encode,no,Jepplet — https://freesound.org/people/Jepplet/sounds/476622/,pending listening review,88513dde697954dd7f1aaee91934a288d3288da120df55f6244c7d02ffcb6f76
chappal/contact-04.mp3,web/public/audio/chappal/contact-04.mp3,Freesound CC0 preview,https://freesound.org/people/Jepplet/sounds/476622/,Jepplet,CC0 1.0,1.0,2026-10-01,trim around 71.85s; mono; EQ; fade; MP3 encode,no,Jepplet — https://freesound.org/people/Jepplet/sounds/476622/,pending listening review,e67b8cc488c7da50f3680625706b3486083cd1db7dad5f009657e115c0fe4897
bonk/contact-01.mp3,web/public/audio/bonk/contact-01.mp3,Freesound CC0 preview,https://freesound.org/people/CuboRodante/sounds/812363/,CuboRodante,CC0 1.0,1.0,2026-10-01,trim around 0.38s; mono; EQ; fade; MP3 encode,no,CuboRodante — https://freesound.org/people/CuboRodante/sounds/812363/,pending listening review,30217ed29c032d0ed3c81cddd8886c719c0679e29c32897856ea56476f7a589a
bonk/contact-02.mp3,web/public/audio/bonk/contact-02.mp3,Freesound CC0 preview,https://freesound.org/people/facklere/sounds/458572/,facklere,CC0 1.0,1.0,2026-10-01,trim around 0.01s; mono; EQ; fade; MP3 encode,no,facklere — https://freesound.org/people/facklere/sounds/458572/,pending listening review,67cf57573e2723d9bf29d2f3abfea300f8ffcb6d34413d7d2750b68688be680d
bonk/contact-03.mp3,web/public/audio/bonk/contact-03.mp3,Freesound CC0 preview,https://freesound.org/people/Sadiquecat/sounds/742277/,Sadiquecat,CC0 1.0,1.0,2026-10-01,trim around 0.01s; mono; EQ; fade; MP3 encode,no,Sadiquecat — https://freesound.org/people/Sadiquecat/sounds/742277/,pending listening review,63ad071910ea56c210dab2a18f57050cf6f991cde4c42d8bff26ba09d3f2b77b
tomato/contact-01.mp3,web/public/audio/tomato/contact-01.mp3,Freesound CC0 preview,https://freesound.org/people/kaydinhamby/sounds/382637/,kaydinhamby,CC0 1.0,1.0,2026-10-01,trim around 0.23s; mono; EQ; fade; MP3 encode,no,kaydinhamby — https://freesound.org/people/kaydinhamby/sounds/382637/,pending listening review,67a0cbace0a0770fc5906ec3c7f586843c622a5cb16b70b6b41276096f2b9be5
tomato/contact-02.mp3,web/public/audio/tomato/contact-02.mp3,Freesound CC0 preview,https://freesound.org/people/HonorHunter/sounds/271666/,HonorHunter,CC0 1.0,1.0,2026-10-01,trim around 0.09s; mono; EQ; fade; MP3 encode,no,HonorHunter — https://freesound.org/people/HonorHunter/sounds/271666/,pending listening review,fcf544d8daacaa0e3d854c1972026b15960d8d2ffbf0edc07e0611b6582b39e7
tomato/contact-03.mp3,web/public/audio/tomato/contact-03.mp3,Freesound CC0 preview,https://freesound.org/people/zolopher/sounds/44203/,zolopher,CC0 1.0,1.0,2026-10-01,trim around 1.84s; mono; EQ; fade; MP3 encode,no,zolopher — https://freesound.org/people/zolopher/sounds/44203/,pending listening review,84e57c374d2945767c98a14a1af91d05597b29527289f48d6a9a223c4d5087bd
chappal/rubber.mp3,web/public/audio/chappal/rubber.mp3,Freesound CC0 preview,https://freesound.org/people/Artem_Zaitsev/sounds/835154/,Artem_Zaitsev,CC0 1.0,1.0,2026-10-01,trim around 0.62s; mono; EQ; fade; MP3 encode,no,Artem_Zaitsev — https://freesound.org/people/Artem_Zaitsev/sounds/835154/,pending listening review,f42b7656302d7607afae515f92b000b0f326c3c3e89e82e15cd74d0b10b2e924
tomato/droplets.mp3,web/public/audio/tomato/droplets.mp3,Freesound CC0 preview,https://freesound.org/people/zolopher/sounds/44203/,zolopher,CC0 1.0,1.0,2026-10-01,trim around 4.38s; mono; EQ; fade; MP3 encode,no,zolopher — https://freesound.org/people/zolopher/sounds/44203/,pending listening review,266eac16069e7bc315cf9394b3966146b33b5aea48c03747bd9fbc66ce2476bf
